Feature,Coefficient,Odds_Ratio
SiteName_By K51,1.2394421383624004,3.45368624818639
SiteName_LFH 895,1.1749622277191183,3.2380206341031244
SiteName_By K1B,1.1532074067522649,3.1683387812237602
SiteName_By K16,1.1440413013386,3.1394301461692904
DepartmentName_QA Operations,1.031844001233375,2.8062357687704695
SiteName_Reserve Clean Air,0.9842868174564091,2.6759027965750417
AreaName_ASR Sampling,0.9783257848700067,2.6599991011233732
SiteName_By K71,0.9199933542467582,2.5092737138669667
SiteName_R08,0.897087790911058,2.452450652404119
AreaName_Creams Lab #2,0.8255830903463038,2.283211695963677
AreaName_WC 4 - Fragrance,0.8132961677151724,2.255329693284125
SiteName_By K45,0.7890219008858679,2.201242339790096
SiteName_By TS Aux01,0.7686665378340244,2.1568882065081794
Year_2023,0.7556201695597478,2.1289314124922805
SiteName_Inside East end,0.7396065185587235,2.095110965000399
SiteName_Between D04 & D05,0.724609526879616,2.0639250353546523
SiteName_By K24/25,0.7212165473690982,2.0569340468457016
Location_Filling Room,0.7204151468359558,2.055286279153063
SiteName_By K5A,0.6924245415669948,1.9985552440954468
SiteName_Between D06 & D07,0.6608615475281839,1.9364599682250319
AreaName_East Mezzanine,0.6472231365953974,1.9102290122937877
SiteName_By Aux06/07,0.6216039176719919,1.861912001756938
SiteName_By Tank 80,0.6153806556949277,1.8503608159000868
SiteName_R70,0.6143559044973292,1.8484656276520643
SiteName_By K44/45,0.6085608838581503,1.8377847091513553
SiteName_Between Reserve Clean Air & D30,0.6030036690479161,1.8276000700718973
SiteName_R18,0.5740631131497377,1.77546633639301
SiteName_R09,0.5618538064821503,1.7539209183642157
SiteName_Between D27 & D28,0.5530707640079662,1.7385836091565228
SiteName_By K41,0.5359021797893269,1.7089893626289923
Location_Room Air,0.5226104710109551,1.686424270246541
SiteName_R32,0.5020955279331623,1.6521798346699683
SiteName_By K31,0.4864582008010106,1.626545109764666
SiteName_By K32,0.48026340888891544,1.616500146625552
SiteName_Culture Bench 2,0.47446449085799774,1.6071533217065574
Location_Center,0.46494474006759273,1.5919262167213222
DepartmentName_Biofermentation,0.46494474006759273,1.5919262167213222
SiteName_By K29,0.4487959527223287,1.5664249998310606
AreaName_Creams Lab #1B,0.4285374203146242,1.5350108053258675
SiteName_R02,0.4232324371062408,1.5268891604210242
SiteName_R27,0.42312599678315255,1.5267266464946398
SiteName_By K43,0.41772079214795144,1.5184966390230663
Location_Near Kettle,0.41291509250547165,1.5112167068621762
SiteName_Culture Bench 1,0.38671286798870114,1.4721337338625422
AreaName_<1> Controlled Lab (#2320),0.3814541368462927,1.4644124980957243
SiteName_By K40,0.3736491480445795,1.4530272635579766
Location_AGI HEPA Filling Area,0.3259693591286291,1.3853729191890227
SiteName_AGI HEPA Filling Area,0.3259693591286291,1.3853729191890227
SiteName_R04,0.3101241891670265,1.3635944472758583
SiteName_R31,0.30739069248942597,1.3598721561376126
SiteName_By K44,0.3010174606979749,1.3512329348022059
AreaName_Makeup #2,0.30059683619369537,1.3506646926355064
SiteName_R06,0.2932361543610895,1.3407593792228734
SiteName_By K66/67,0.2862672316167662,1.3314482127738858
SiteName_R65,0.2770378868808998,1.3192163510809334
SiteName_R55,0.2745014764349689,1.315874516870815
SiteName_R33,0.26819645718714746,1.307604002987151
SiteName_R63,0.2626008775282399,1.3003076333725752
AreaName_(BF) Room #2,0.2562936707604265,1.2921321336530565
SiteName_By K63,0.2562936707604265,1.2921321336530565
AreaName_Eye Products Lab,0.25236769199665926,1.2870691953335667
SiteName_R30,0.24433234155142136,1.2767685832389009
SiteName_Inside West end,0.2387192663112824,1.2696220608643822
SiteName_NIRO,0.22797816800277215,1.256057902880347
SiteName_R64,0.22431271796949,1.251462312996322
SiteName_R03,0.21928142639369608,1.24518165436494
Season_Summer,0.21855261655575398,1.244274484342587
SiteName_Center of Micro Lab,0.2129403015515293,1.2373107835046766
AreaName_(BF) Micro Lab,0.2129403015515293,1.2373107835046766
DepartmentName_Compounding,0.19611141484768882,1.2166624520450013
SiteName_R51,0.17303857940397432,1.1889119717145196
SiteName_By K5B,0.17248061618943492,1.1882487876023522
Season_Fall,0.1654821488543954,1.179961898859789
SiteName_Tote Wash Room,0.15971575320080503,1.1731773516860535
AreaName_Tote Wash Room,0.15971575320080503,1.1731773516860535
SiteName_Production Wash Room,0.15059524964890558,1.1625260300260003
AreaName_Wash Room,0.15059524964890558,1.1625260300260003
Location_By Drop,0.14327904152488669,1.154051785110461
DepartmentName_Mezzanine,0.14327904152488669,1.154051785110461
AreaName_Creams Lab #5,0.13832226963189875,1.1483455675516578
AreaName_Creams Lab #3,0.13701282142278826,1.146842852583219
SiteName_By K1A,0.13700148133338846,1.1468298473564837
Air_AirUnits.AirType_(CFU/1000L),0.130755220774269,1.1396887750299864
AreaName_Room #1 (Liquid),0.13061522546105728,1.1395292351106432
SiteName_Room #1,0.13061522546105728,1.1395292351106432
SiteName_By K4B,0.12091128151735624,1.1285247869191994
SiteName_By K MU-02,0.09618048410878505,1.100957751442055
AreaName_RM #1/2 Pre-weigh Hallway,0.09214854004045431,1.096527688251616
SiteName_Pre-weigh Hallway,0.09214854004045431,1.096527688251616
Location_Center of Room,0.0835624491674872,1.0871531049793652
SiteName_By K58/57,0.07316242445672558,1.0759052760533157
AreaName_(BF) Room #1,0.07316242445672558,1.0759052760533157
AreaName_West Mezzanine,0.06658910740758346,1.068856202837185
AreaName_<4>Main Lab (#2318),0.06251835411549127,1.0645139969513993
SiteName_Melville RM Sampling Area,0.05351821636337404,1.0549762094225346
SiteName_R01,0.05276404055580979,1.0541808718377128
AreaName_(BF) Room #3,0.02253519420239962,1.0227910298455394
SiteName_By K64/65,0.02253519420239962,1.0227910298455394
DepartmentName_Compressed Air Downstairs,0.021092635730232158,1.021316657669893
SiteName_R37,0.013201240596888125,1.013288761678434
DepartmentName_QC Micro,0.00960400365064409,1.0096502700894372
SiteName_By Aux02,0.008788503891418867,1.0088272361748696
SiteName_By K42,0.0052532472413896,1.005267069738411
Air_AirUnits.AirType_(CFU/160L),0.0022396437096093673,1.0022421535849748
SiteName_R36,-0.00024319434975328722,0.9997568352195955
SiteName_LFH 896,-0.0005549481403388069,0.9994452058149
SiteName_Module A Upper,-0.002480345624652164,0.9975227278909046
SiteName_Module A Lower,-0.002480345624652164,0.9975227278909046
SiteName_Aisle 16,-0.003823808617810898,0.9961834928289521
SiteName_Aisle 17,-0.003823808617810898,0.9961834928289521
SiteName_(17) Inside PAL 5,-0.004015798836019993,0.995992253701396
SiteName_Aisle 14,-0.004025966537590076,0.9959821268008779
SiteName_Aisle 13,-0.004025966537590076,0.9959821268008779
SiteName_Aisle 01,-0.004025966537590076,0.9959821268008779
SiteName_Aisle 12,-0.004025966537590076,0.9959821268008779
SiteName_(16) Inside PAL 6,-0.005885731201079051,0.9941315557826652
SiteName_Lane 6 South,-0.0072213585995801275,0.9928046527603185
SiteName_(14) QA office hallway,-0.007222317624224244,0.9928037006366462
SiteName_Aisle 02,-0.007577130735221308,0.9924515033528158
SiteName_Aisle 05,-0.007577130735221308,0.9924515033528158
SiteName_Aisle 10,-0.007820718335366192,0.9922097839139782
SiteName_Aisle 03,-0.007820718335366192,0.9922097839139782
SiteName_Aisle 07,-0.007820718335366192,0.9922097839139782
SiteName_(15) Mens locker #6,-0.008595879132424319,0.9914409598066817
SiteName_Aisle 08,-0.009149052857157239,0.9908926723811727
SiteName_(D07) Inside Mens LR #4,-0.009576861816116958,0.9904688502824699
SiteName_Lane #2,-0.01068697094821612,0.9893699318392648
SiteName_(18) Womens locker #5,-0.011020329334761754,0.9890401720422408
SiteName_Lane #4,-0.011132011917742334,0.9889297196490747
SiteName_(D09) Womens LR #3 Prior to PAL exit,-0.011161600139439095,0.9889004594101686
SiteName_Aisle 09,-0.011346348009419974,0.9887177790320945
SiteName_Aisle 15,-0.01266787066177312,0.9874120290694287
SiteName_Aisle 04,-0.012909401468426144,0.9871735674446223
SiteName_(13) Fragrance Stairs,-0.015473365268437475,0.9846457321772386
SiteName_(D08) Womens LR #1 Prior to PAL exit,-0.015834599476768144,0.9842901086912407
SiteName_(D06) LR by PAL 2,-0.01583459947676817,0.9842901086912407
SiteName_Lane #3,-0.016133041700046903,0.9839963987927491
SiteName_Lane 1 South,-0.017575898941174638,0.9825776562311291
SiteName_Lane #6,-0.01800708550464765,0.9821540732763956
SiteName_Lane 4 North,-0.01836536928730037,0.9818022464305645
SiteName_Lane 1 North,-0.018390937821770172,0.9817771435069079
AreaName_WC 3 - Tubes (East),-0.018498005845817955,0.981672032195228
SiteName_Lane 2 North,-0.019031693291335226,0.9811482659322012
SiteName_Lane 5 South,-0.01916754860402723,0.9810149807816886
SiteName_Intersection of east-west/north-east,-0.01922392022366146,0.980959680937022
Location_HEPA Hood,-0.020440229153469464,0.9797672562427254
SiteName_(D05) Womens LR infront of exit,-0.02068111573682332,0.9795312718797617
SiteName_Lane 6 North,-0.021625287233764924,0.9786068628414955
SiteName_(D01) Center of PAL-1,-0.021986119332562594,0.9782538137728273
SiteName_(D03) Center of PAL-3,-0.02224019795059381,0.9780052919691153
SiteName_(D02) Center of PAL-2,-0.023296699992181355,0.9769725730123694
SiteName_Lane #8,-0.026476339375753572,0.9738710859607678
SiteName_Lane 4 South,-0.02656398280958222,0.9737857362949113
SiteName_Lane #5,-0.027656834772756576,0.9727221139380399
SiteName_(04) By PAL-6,-0.028130996575433595,0.9722609955979823
SiteName_Lane 3 South,-0.029179007498883795,0.9712425891978789
SiteName_Lane 2 South,-0.029504742788952522,0.9709262727318742
SiteName_Lane 3 North,-0.03193065852439889,0.9685737420831884
SiteName_(D04) Mens LR infront of exit,-0.033672344591344536,0.9668882589091446
SiteName_Lane 5 North,-0.0337859112474732,0.9667784588776596
SiteName_By Tank09,-0.03469729153529087,0.9658977574354789
SiteName_(06) By Door 2201,-0.035138302036049215,0.9654718802968384
SiteName_Lane #7,-0.036260124266226726,0.9643893997677945
SiteName_R35,-0.03732674614102562,0.9633613093275245
SiteName_(07) Between STOP Gates,-0.03848369464373365,0.9622473943984865
Location_Filler,-0.03854434687516012,0.9621890337167026
SiteName_(03) By PAL-5,-0.04033082980593219,0.9604716339412435
SiteName_Lane #1,-0.04175718971314171,0.9591026322872169
SiteName_(10) By Girder A-13,-0.042382894975793374,0.9585027044313531
SiteName_By Tank13,-0.044389316843159506,0.9565814716914733
SiteName_By K76/77,-0.04444220348971147,0.9565308826430362
SiteName_(11) By Door 2313,-0.044796056506848723,0.9561924711817174
SiteName_(05) By Door 2111,-0.044913735679775316,0.9560799538631524
SiteName_(09) By Door 2305,-0.04498328144240887,0.9560134648656632
SiteName_(01) Between Locker Rm 6 & PAL-6,-0.04502055196414835,0.9559778344090246
Location_Assembly,-0.04600672765993429,0.9550355370147833
SiteName_By Tank11,-0.046107242938322864,0.954939546176263
SiteName_(12) By Fragrance Stairwell,-0.0461502759290219,0.9548984531558383
SiteName_(08) By Door 2292,-0.04644291777333523,0.9546190507957799
SiteName_By K75,-0.04851403417498703,0.9526439696398488
SiteName_By Aux09,-0.04920857650396955,0.9519825477978058
SiteName_By Tank05,-0.050038895346404995,0.9511924268222609
SiteName_(02) Between Locker Rm 5 & PAL-5,-0.0511143764361835,0.9501699872602314
SiteName_By Tank12,-0.05258460181308204,0.9487740496554901
SiteName_By Tank01,-0.05375989953133558,0.9476596127056772
SiteName_By Tank02,-0.05645082710984842,0.9451129572881662
SiteName_By Tank07,-0.05738389168573256,0.9442315171517442
SiteName_By Aux06,-0.05765063991133238,0.9439796786602173
SiteName_By K50/51,-0.05773770221077543,0.9438974971962711
AreaName_WC 5 - East,-0.058262667386854976,0.9434021139213153
SiteName_By Tank10,-0.06135290437676405,0.9404912777158086
SiteName_By Tank08,-0.0623301689328239,0.9395726178847731
SiteName_Drop #5,-0.0645988852961454,0.9374434103093484
SiteName_By Tank04,-0.06480586770329627,0.937249396095172
SiteName_By Tank03,-0.06582902724661137,0.9362909308461387
SiteName_By Aux05,-0.06603622720027219,0.9360969515056036
Location_Center Room,-0.06620842800887626,0.9359357687319227
SiteName_Lane #9,-0.06996106790359793,0.9324301206586572
SiteName_Between D08 & D09,-0.0709513338079099,0.9315072239340132
SiteName_BSC 893,-0.07769009439871986,0.9252511226223757
SiteName_Drop #6,-0.07823913228256035,0.9247432641335227
SiteName_By K54/55,-0.08218357291114925,0.921102853642959
SiteName_By K52/53,-0.08274667227624448,0.9205843272155375
SiteName_Drop #9,-0.08441250454896586,0.9190520647339817
SiteName_Pre-Weigh Room,-0.0863043492110402,0.9173150046331752
Location_Pre-Weigh Room,-0.0863043492110402,0.9173150046331752
AreaName_AGI Pre-Weigh,-0.0863043492110402,0.9173150046331752
SiteName_Drop #11,-0.08823525176138348,0.9155454677027396
SiteName_R10,-0.08977799234573204,0.9141341075141447
SiteName_By K27/28,-0.09084814441254785,0.9131563682677902
DepartmentName_Filling and Assembly,-0.09320201147669831,0.9110094473426182
SiteName_Between D10 & D11,-0.09447370981913673,0.9098516544761549
SiteName_Portable Tote,-0.09543157460463714,0.9089805568797621
SiteName_By K31/32,-0.09570144298631979,0.9087352848649655
AreaName_<2> Media Storage (#2321),-0.09614892422060747,0.9083287338468129
SiteName_Between Air Compressor & D01,-0.09917824330699883,0.9055812798351548
AreaName_(BF) Room #4,-0.09998685090348822,0.9048493159087198
SiteName_Melville Warehouse,-0.10263478359333826,0.9024565052246607
Location_Center of Warehouse,-0.10263478359333826,0.9024565052246607
AreaName_<3>Media Prep (#2322),-0.10606181385905034,0.8993690528857958
SiteName_Between D02 & D03,-0.11007250491593455,0.8957691852724837
SiteName_Drop #8,-0.11092690762928806,0.8950041645144932
AreaName_<6>Receiving (#2323),-0.11139226685453185,0.8945877629655705
AreaName_ASR Mass storage,-0.11340126410860436,0.8927923427073002
SiteName_R28,-0.11458784954268145,0.8917335965883747
SiteName_Drop #3,-0.1206820697265007,0.8863157013967298
AreaName_<5>Gowning (#2319),-0.12076548237695041,0.8862417745382016
SiteName_Drop #10,-0.12153349491141009,0.8855613910517607
SiteName_R53,-0.1264849284971772,0.8811874302622776
SiteName_Drop #1,-0.12893996689353898,0.8790267346671645
Location_Staging,-0.13218262644363618,0.8761809666531853
SiteName_By K15,-0.13680201484531718,0.8721428803831344
SiteName_By K72/73,-0.14516837179256634,0.864876660017237
Frequency_Quarterly,-0.14617336286385177,0.8640079033156415
SiteName_By K09,-0.14650988593458253,0.8637171936408817
SiteName_By Aux03,-0.14773302934133517,0.8626613894817596
SiteName_Drop #7,-0.15298899407551203,0.8581391663742859
SiteName_By K03,-0.15881405097100507,0.8531549875617773
Frequency_Monthly,-0.16371337047394563,0.8489853312718427
Location_Center of Refrigerator,-0.1649533265909083,0.8479332791011762
SiteName_Melville Refrigerator,-0.1649533265909083,0.8479332791011762
SiteName_By K27,-0.17370286969532875,0.8405466124287226
AreaName_1st Floor Hallway,-0.1742841385125983,0.8400581708651339
Location_Air Nozzle,-0.17477390920088973,0.8396468357347519
SiteName_By K55,-0.17575663715104572,0.8388220966344726
SiteName_Drop #2,-0.17604433587477586,0.8385808032993908
SiteName_By K54,-0.1778277792792832,0.8370865747286987
Location_Filler Hopper,-0.17793051752590885,0.8370005783393719
SiteName_Drop #30,-0.1782199396395472,0.8367583669152344
SiteName_By K18,-0.18325065794114215,0.8325594419447027
SiteName_Drop #4,-0.1840323582266842,0.8319088842948813
SiteName_By K48/49,-0.18431994648640163,0.8316696714656528
SiteName_By K50,-0.1864717798062845,0.8298819810511648
SiteName_By K53,-0.18667951020434947,0.8297096072411541
SiteName_R26,-0.18796123931293593,0.828646825530504
SiteName_By K30,-0.18936041470637943,0.8274882140217404
SiteName_By K5A/5B,-0.191474177066129,0.8257409478850651
SiteName_By K17,-0.19270507474971307,0.824725170552307
SiteName_By K02,-0.19528023780127943,0.8226041009875401
SiteName_By K12,-0.19564228306480283,0.8223063349746624
DepartmentName_Compressed Air Upstairs,-0.19586654493112282,0.822121943698033
SiteName_By K10,-0.19659898581019247,0.8215200084467906
SiteName_R25 & 23,-0.19992889151255802,0.8187889738534265
SiteName_By K13,-0.20053096588310007,0.8182961503704682
SiteName_By K52,-0.2036447116276939,0.8157521469597617
SiteName_Air Compressor Tanks,-0.20410547640156448,0.8153763636867292
SiteName_By K24,-0.20474362207808075,0.8148562007730183
SiteName_By K70/71,-0.20574342750033936,0.8140419102589912
SiteName_By K46/47,-0.2080117067970955,0.8121975284246166
SiteName_Drop #26,-0.20853953561159205,0.8117689402865861
SiteName_By K77,-0.2105680979648856,0.8101238854869911
SiteName_By K25,-0.21080384299498636,0.8099329253170615
SiteName_By K47,-0.2121039202713332,0.8088806341036543
SiteName_By K11,-0.21372613511984434,0.8075695196705144
SiteName_Pre-Weigh Station,-0.2138190558777213,0.8074944831849858
Location_Pre-Weigh Station,-0.2138190558777213,0.8074944831849858
AreaName_Melville Misc. Warehouse,-0.2140698938208719,0.807291958331239
SiteName_UltraFiltration Station,-0.21537130993639123,0.8062420189189621
Location_UltraFiltration Station,-0.21537130993639123,0.8062420189189621
SiteName_Alvey Washer Area,-0.2162951488934172,0.805497525082249
Location_Alvey Washer Area,-0.2162951488934172,0.805497525082249
SiteName_By K76,-0.21731343575671005,0.8046777150057975
SiteName_By Aux01,-0.2176300127033384,0.8044230129102942
SiteName_By K14,-0.21809961802320296,0.8040453402694913
SiteName_Between D25 & D26,-0.21854003772823688,0.8036913008265921
SiteName_By K04,-0.2210998418788026,0.8016366393863513
Location_XP Filling Room,-0.2215529807960794,0.8012734689170813
Zone_Clean,-0.222704625395367,0.8003512178087352
SiteName_By K28,-0.23447167958941323,0.790988634697081
SiteName_R34,-0.24001781000067254,0.7866138513485756
Zone_General,-0.24653524271386923,0.7815038187361946
Frequency_Semi/Annual,-0.2478156652487959,0.7805038039928852
SiteName_By K4A,-0.2544941372398037,0.7753085985258367
AreaName_ASR Receiving Lanes,-0.2580706661021302,0.7725406377423588
AreaName_350 Warehouse,-0.27234239664824333,0.7615934493974632
Location_Floor Level,-0.27234239664824333,0.7615934493974632
SiteName_Culture Bench 3,-0.2779565146110533,0.7573297535771938
AreaName_WC 2 - West,-0.28215293872646363,0.7541583356972483
SiteName_By K49,-0.28238711005259026,0.753981754115647
SiteName_Drop #25,-0.29180381239516184,0.7469150570761404
SiteName_Drop #28,-0.29180381239516184,0.7469150570761404
SiteName_By Aux08,-0.30402557790435386,0.7378419937572857
SiteName_By K2B,-0.30413752885700984,0.7377593962666951
SiteName_Drop #27,-0.30423097614719596,0.7376904578714079
SiteName_By K46,-0.3058642305011545,0.736486605085726
AreaName_WC 1 - Mega Creams,-0.309045631461224,0.7341472690492796
SiteName_By K72,-0.30914511434805325,0.7340742375923471
Year_2025,-0.30977616320161794,0.7336111470180389
SiteName_R25,-0.3099668976344064,0.7334712354554255
SiteName_By K40/41,-0.3117672644107747,0.7321519062063274
SiteName_By K42/43,-0.31453075236232864,0.7301314063342024
AreaName_AGI Main,-0.31951615557889995,0.7265004652455904
AreaName_Room #2 (Powder),-0.3236375610059527,0.7235124239796826
SiteName_Room #2,-0.3236375610059527,0.7235124239796826
SiteName_R62,-0.3404316459213739,0.7114631563041779
Location_Filler – East,-0.34799520866083233,0.7061022593816912
SiteName_R61,-0.34799520866083233,0.7061022593816912
SiteName_By K73,-0.35408873110918476,0.7018126919739542
SiteName_Room #3,-0.3548415183546087,0.7012845751355095
AreaName_Room #3 (Storage),-0.3548415183546087,0.7012845751355095
AreaName_WC 3 - Tubes (West),-0.3680415496901763,0.6920884250316848
SiteName_By K48,-0.36890050991062884,0.6914942038482617
SiteName_By K70,-0.36916123980844373,0.6913139341370256
DepartmentName_ASR Mass storage,-0.3714719302107345,0.6897183658065924
Location_Lanes,-0.3714719302107345,0.6897183658065924
SiteName_By K3A,-0.3767378492592301,0.6860959108740665
SiteName_R54,-0.37786695141985155,0.6853216756762767
SiteName_By K3B,-0.3830215290078178,0.68179822068876
SiteName_R16,-0.3871391227762842,0.6789966244598099
Frequency_Bi-Monthly,-0.391037970360877,0.6763544741282531
Year_2024,-0.39302791236230245,0.675009906202121
DepartmentName_AGI,-0.40582050478994014,0.6664297776427628
SiteName_By K2A,-0.4170492355607673,0.6589884734783363
SiteName_By K MU-04,-0.4363096016281843,0.6464175630216581
DepartmentName_Pre-weigh,-0.45571531385904984,0.633994300800452
SiteName_R60,-0.4660380616847613,0.6274834005174365
Zone_Quasi,-0.4795005008382427,0.619092550797558
SiteName_BSC 892,-0.5207024901201538,0.5941030498203489
DepartmentName_Melville Misc. Warehouse,-0.5399305068324894,0.5827887508030741
SiteName_R67,-0.549554921151493,0.5772066556917049
AreaName_West Mezzanine B,-0.5705332024780931,0.5652239795107332
SiteName_R68,-0.5780783940651392,0.5609753049837519
AreaName_2nd Floor Hallway,-0.5793252553892728,0.5602762824548136
SiteName_Structured Water Area,-0.5909911317010399,0.5537781455694263
AreaName_Creams Lab #1,-0.5957348942541817,0.5511573746119507
SiteName_LFH 894,-0.5964549242133758,0.5507606676275953
Season_Spring,-0.6461012735987398,0.5240850631402569
Season_Winter,-0.6866738607588808,0.5032471585092355
AreaName_Creams Lab #4,-0.7191960009957917,0.4871437616530637
DepartmentName_Hallway,-0.7536093939018692,0.4706646690181088
Location_Center of Hallway,-0.7536093939018692,0.4706646690181088
SiteName_R05,-0.8405847296265606,0.43145816328434966
AreaName_Alcohol Lab,-0.9269601179402343,0.395754931978351
SiteName_Center of Room,-0.9394306939517864,0.39085028546287803
SiteName_R11,-0.9469819051603106,0.3879100077070093
SiteName_R07,-0.9975707929747177,0.36877418281073826
Year_2026,-1.0015564629433065,0.36730729583067073
Air_AirUnits.AirType_(CFU/Hr),-1.0817352334313872,0.3390067591071134
